S,E,I,R,M,epiweek
1058852.8852532478,214.94419654355312,214.78959983225428,71.4285694238677,6.952380952380951,202015
1058768.3991184053,252.83328617326907,259.79400092375596,71.4285694238677,8.54502507351541,202015
1058679.7379784833,287.3943891945751,257.09141330437643,126.35639117953951,10.419827837892605,202015
1058566.9468975395,337.69804059666114,273.568132834848,170.12991074332325,12.657018285183769,202015
1058429.7772413236,401.1188006111349,305.48766816021504,209.34658388931962,15.269706015393812,202015
1058352.5011606957,398.76112168319605,363.3960711769858,228.0455039697334,18.296142474160632,202015
1058112.2327655125,544.1381512495796,345.4077542966985,337.3926966336326,21.82863230738195,202015
1057925.3814120542,615.4126675275947,403.8326364103436,390.48656489615524,25.88671911148259,202016
1057808.545567701,609.9300236191601,418.6412709201712,493.4901777402655,30.39296001918146,202016
1057537.2703935835,745.3012366351719,413.60496132247323,629.557214008028,35.266194450839144,202016
1057390.7310148624,743.3976037557788,460.45759496183894,725.6307239930077,40.78306242692107,202016
1057178.1618686265,801.791975929837,512.4449354495738,821.5808636248973,47.020356369248944,202016
1056857.4594671617,947.1733635855778,503.00245923110487,999.3617486501169,54.00296137168737,202016
1056595.4916872713,1013.4287180354025,547.8597559672164,1142.407717549807,61.81212117642884,202016
1056351.5314208476,1051.5734669418555,633.1569557381357,1254.5839193200704,70.15423715256927,202017
1056071.0698575021,1115.939644597403,724.7516389597089,1370.3697448347925,78.86911410623898,202017
1055761.915138131,1194.607046224803,810.0975626321502,1506.2330998786103,88.14715313382922,202017
1055454.486921349,1257.3014355720147,875.3488919347297,1675.6424196230596,98.22033152158926,202017
1055115.3735073598,1337.397432226739,944.9312926233965,1854.3462579137354,108.95150987682172,202017
1054749.4947502222,1427.266900860584,1017.1818719855976,2046.8263592475878,120.23011768454397,202017
1054376.6272447528,1507.1238998792248,1079.469901436506,2265.865857800803,131.91309613135445,202017
1054024.7460754588,1553.3693499504272,1122.8808772830087,2515.9943841108384,144.00931319759655,202018
1053685.8759695687,1579.3522664119719,1148.9269392050178,2790.383458709535,156.46136610527694,202018
1053351.5054276362,1596.5152340705854,1167.710079555966,3075.877025605296,169.3922331324102,202018
1053006.6784144377,1620.116175310631,1201.071116886823,3350.215090108203,182.91920325722757,202018
1052657.5715775746,1643.2384486004719,1215.8642007740164,3647.2877197052635,197.0380533461767,202018
1052239.679668351,1724.5192414402698,1227.8262772830774,3957.3544481038634,211.62036482227137,202018
1051972.6219541014,1654.2006404584106,1200.7555382931403,4306.851780936457,226.5700862112962,202018
1051675.7537476432,1623.6894832570104,1189.9227070973,4629.5405959657255,242.09346603765297,202019
1051305.5052082376,1665.4058088099978,1220.1412183849543,4911.831100710604,258.11666385777335,202019
1051052.8368957653,1592.7032895810728,1177.85532173752,5263.075483562015,274.5290093551399,202019
1050663.3363161802,1657.5425848716081,1218.3657235250218,5530.523073880713,291.23230154355224,202019
1050319.8771205915,1668.7468467017748,1228.5878860582598,5835.578992352893,308.2091542966052,202019
1050091.2218622828,1573.6379001208995,1170.1764645812323,6200.600623945756,325.3631490701975,202019
1049804.1051651593,1548.84737856798,1151.3299024015512,6514.166298641198,342.5512552307672,202019
1049476.301611458,1565.5340905195071,1159.102313790246,6800.2504085013925,359.81157573160533,202020
1049218.1039683016,1515.9530991132897,1126.089542013245,7123.597041109007,377.2563494635518,202020
1048979.7809668896,1457.3140438328778,1085.372314466688,7443.621188908287,394.9114859031293,202020
1048720.0965027139,1428.70946992105,1062.819974794409,7736.8218761043145,412.552176466735,202020
1048496.0508557864,1372.9307691410038,1023.1648834597373,8038.788382607679,430.0651090054549,202020
1048284.720935681,1315.7217619235655,981.440953694318,8331.563056384417,447.55329231696527,202020
1048078.2550307091,1264.4719399790388,942.9988179263503,8610.232191864503,465.04201952132024,202020
1047843.9714951495,1247.78571832187,927.0151427109731,8859.759693853159,482.4679499647582,202021
1047633.493983891,1212.5066083122413,900.0629985948424,9114.957465593943,499.9789436083254,202021
1047407.7042138672,1197.4864383903553,873.7105864830507,9364.675147701288,517.4236135583823,202021
1047146.1854255801,1217.7490513545163,888.567805421376,9573.788841933901,534.7088757103294,202021
1046944.6153518341,1179.848181910903,865.4972442704393,9819.046074032163,551.9931479526333,202021
1046755.0726026004,1137.8949456255552,837.9257226367577,10060.999430252383,569.1072988850275,202021
1046556.8472521617,1111.4355525294982,819.1281010438975,10287.695226241729,585.8938680233822,202021
1046354.4613123509,1093.5574602288016,805.7555093928305,10505.114742360134,602.1109756674534,202022
1046181.8919139467,1051.842393754606,777.194860499462,10732.248502431083,617.8223293682901,202022
1046007.4163443393,1019.4235663096922,753.8006058514732,10947.042041898789,633.317441600874,202022
1045837.5789716323,988.673273845082,731.1775487944522,11155.038689103834,648.5315166244394,202022
1045688.3259997398,944.8151859076359,700.1148799607288,11364.571397818509,663.1725365733062,202022
1045527.8820380842,919.070427154881,680.5030988608532,11556.276860775599,677.2675751244657,202022
1045351.0682481789,912.8721275699666,673.9578457266373,11732.049319990609,691.052458533839,202022
1045214.8632137324,870.921797197318,644.8711542243459,11925.841229178593,704.5026056673219,202023
1045070.4957085707,843.985043241544,624.8553959993542,12104.209032533328,717.454819654997,202023
1044913.1274012674,833.7338643810725,612.408483739433,12271.846302156086,729.8839484558478,202023
1044776.4590471566,806.5588749933204,594.3871331556334,12441.618674304793,741.9762703895028,202023
1044634.9824325481,788.6801829331163,581.6868206008235,12601.699112145054,753.9514517727907,202023
1044500.2250489609,767.941055543857,566.8449583111519,12760.20604603967,765.7828911444068,202023
1044403.220627708,716.69201347366,532.9135482779909,12930.850485547591,777.3233249927432,202023
1044323.0254126252,659.4846075535447,494.55681319444415,13095.434872330956,788.4982942958977,202024
1044170.2360091158,678.5535206765971,496.195618602078,13216.80699844235,799.2078531631863,202024
1044062.7288077796,653.0469630475149,478.42724622994234,13357.445143630863,809.3518393120706,202024
1044021.5746440197,572.0083719575163,437.0362777662965,13511.549744476057,818.8309617804833,202024
1043935.8676894513,546.0281366204727,413.44574941374356,13638.1140855382,827.5443389763474,202024
1043847.7399806752,526.9566710937149,396.1741717850243,13754.41915470075,835.7100217454075,202024
1043799.1613049844,475.4709050280836,362.05622812014457,13880.895481378519,843.4160804889902,202024
1043733.796093719,448.53384525911565,339.8241220359661,13988.080353612124,850.7655853738373,202025
1043605.7177287597,483.3248520835416,328.6495269524482,14085.441605987775,857.8662862164567,202025
1043528.5836891679,465.6853094606175,324.81022242973705,14177.215418443706,864.705360498033,202025
1043460.2143308457,443.278504907897,316.080465789062,14270.146485268204,871.2802131890197,202025
1043393.9501668839,423.01670085647254,306.0281569632078,14360.272052013515,877.7329232828604,202025
1043328.5762511139,405.61486962588145,295.4726264574095,14447.385645064665,883.9506077380705,202025
1043295.8347546023,361.7591793283384,267.4833970463194,14546.17074782164,889.7519212012909,202025
1043252.199960341,335.78298419096546,265.21689954028653,14612.444990491931,895.3551654356069,202026
1043169.6075109856,349.8461275459283,268.0117240548514,14672.683120270973,900.8515171424664,202026
1043112.0139273148,338.6406507711501,256.65507097830795,14747.484648839609,906.2057020958863,202026
1043053.2468592179,330.53387503018934,247.39956985548395,14818.47145132836,911.3482445678463,202026
1043006.080082211,313.3702004416172,234.52631523220026,14890.933125814507,916.0902763004677,202026
1042968.3824590234,290.7253032154393,218.38724565219238,14963.173782595306,920.3312095133641,202026
1042910.2785139047,290.7235019437857,216.68985170644868,15019.001226536084,924.3069059086969,202026
1042852.1780633741,290.7218952442268,215.7664388062438,15074.027574350412,928.3060282246356,202027
1042819.79714805,267.3630113139701,200.81328990327717,15140.747497958737,932.2790527737012,202027
1042766.3602000703,267.36129526380927,199.17932076161097,15191.822413195525,936.2767707083838,202027
1042719.4814035256,261.40042713977834,194.25560485497397,15245.561754636796,940.3008098424561,202027
1042671.9580295415,257.1081705713678,190.63071412878674,15297.120853497558,944.1822322604157,202027
1042629.7510850426,248.7639699441798,184.51499892014968,15349.95663167563,948.013314417075,202027
1042580.0328166224,248.7625185058127,183.8378154621478,15396.520022997389,951.8468264119292,202027
1042530.315723072,248.76113874692967,183.4151131754676,15442.875455796495,955.6325692087697,202028
1042518.9901255341,213.97449208040916,181.08570738159247,15487.568606014174,959.3810689894558,202028
1042452.0560991163,235.9055059579054,183.31129611200785,15526.780781726022,962.9463170875274,202028
1042404.6293865222,236.14106913330394,178.83949851053762,15575.158072383525,966.2319734501323,202028
1042361.8855354136,232.08644103460614,173.95450486492098,15623.863273371702,969.2102453148789,202028
1042315.2382168632,232.3231423780138,173.3867094399545,15668.032391621333,972.0195396971362,202028
1042268.8063168306,232.32144387273925,172.87498689741253,15712.191983465402,974.8052689336034,202028
1042222.3754321932,232.31981367119775,172.58159559057626,15756.132382228936,977.590776315903,202029
1042162.0605183133,244.95443142745404,180.54737323551862,15793.063924926068,980.3737520973572,202029
1042106.027011957,251.3893620372195,183.74955366338187,15836.84208566777,982.9919866743775,202029
1042061.2960858855,246.38198189970592,181.132055089152,15886.839201993727,985.3506751316405,202029
1042002.3665188394,255.20142562095387,187.59721900818826,15928.247614250253,987.5872222810231,202029
1041935.3538971562,269.7360300279392,191.58932468698598,15974.473476758008,989.8472713707285,202029
1041881.4631194341,269.7351674960005,194.74337977045775,16022.948526334061,992.1098069652255,202029
1041827.5649815403,269.73383236019095,196.38131835254347,16073.066342948754,994.2535247979835,202030
1041771.570833274,271.6394921442007,199.376132936932,16122.088199699296,996.325341945339,202030
1041708.6385427407,279.50452960791995,204.78467507389047,16169.74838727698,998.3238653002594,202030
1041643.3534123199,288.08491219490963,211.5314305873124,16217.80221529803,1000.2280295995807,202030
1041586.3067614165,287.6060693391124,211.62846268991188,16273.397045719694,1002.0616608345391,202030
1041522.0197443134,293.8022242015254,216.4174640689198,16325.00879631797,1003.7517710979259,202030
1041463.3094607939,293.80029289743595,217.57187538299888,16380.923506741117,1005.3948641843701,202030
1041404.5946150593,293.7980654848756,217.74770358027416,16437.82177229726,1007.0378435779995,202031
1041269.2942648652,363.12374184512845,210.1269373524294,16509.878222111507,1008.5768338253893,202031
1041184.5378855949,374.3294930315083,236.6573687045813,16555.450170692588,1010.0250819761983,202031
1041103.2591605446,380.28947965708653,255.11880134637738,16610.87931037777,1011.4532480740122,202031
1040998.1340770031,406.7150658962379,263.6502936387056,16679.596157860804,1012.9044056009857,202031
1040916.1307889839,407.4305280117979,277.73590776015146,16745.37097182673,1014.3318034172047,202031
1040834.7436393485,407.4297053532376,286.5279212496648,16816.6335140145,1015.6652200338659,202031
1040753.3455369304,407.42872825900963,293.22649901360506,16890.071938859706,1016.9272969370847,202032
1040659.0997358181,419.10580558422816,305.16718182002575,16959.462328637175,1018.1649481401832,202032
1040564.0869851941,429.3525270105048,315.3859045686683,17032.747584104363,1019.4269991221296,202032
1040468.0694958122,438.64567682275754,324.13625654498344,17109.38783444724,1020.7607363726657,202032
1040364.9485679347,452.7052907556193,334.59357758217556,17186.63544871387,1022.1171150134701,202032
1040262.6871344094,463.42814663108123,343.29997025523306,17268.134547793692,1023.4502009104455,202032
1040170.0755037632,463.42619081774285,345.2463044345419,17357.53991781494,1024.7120831695286,202032
1040077.4615715111,463.4241534779039,346.6967053157077,17447.562582602146,1025.8549870930624,202033
1039962.572832436,483.6801753221114,360.25507411618645,17527.56676787319,1026.9251502525592,202033
1039856.2155121843,492.4960630982232,367.58814125294833,17616.67964795403,1028.0206355105809,202033
1039757.7930458533,492.49402629462463,369.26706591356447,17712.28227034326,1029.163591595293,202033
1039652.8264593061,498.4504341653258,376.5278598335991,17802.889012368876,1030.306234326098,202033
1039548.2435173471,502.97782623855016,383.2177095574233,17895.03949991625,1031.521446940555,202033
1039447.7129003358,502.9753933423938,382.01214594659393,17995.563808624644,1032.7357517505407,202033
1039347.1819291896,502.9727574914101,380.75445464585704,18096.069299035596,1034.0215596374057,202034
1039260.8177985251,490.10219705597484,372.5658848942399,18202.04089794279,1035.4732215817708,202034
1039186.4686933344,468.6532753104979,358.2872899192863,18310.54869122223,1037.0420502135694,202034
1039085.444486988,475.32279364058223,359.01650511247266,18402.50778558482,1038.7084286741663,202034
1039009.8511269294,457.6867199308183,347.82333798897,18505.217105093354,1040.4217100575052,202034
1038897.6660849311,476.51163195446577,358.4805913766785,18586.134878140118,1042.2068135976212,202034
1038802.4265566854,476.5094266483034,358.4889673425376,18679.558686442546,1044.0163628812322,202034
1038707.1879745969,476.5073239429963,358.69274126767925,18772.80975842536,1045.8022017671349,202035
1038597.272722581,489.8507169610811,367.14616998255934,18859.166770605985,1047.5636198693219,202035
1038518.7781690096,472.2150891982519,357.0845705025299,18963.620183505383,1049.3019877841996,202035
1038426.7486675653,470.06767892846983,354.25939879240957,19058.931796156143,1050.9924585576457,202035
1038331.4851269805,471.25706653300585,355.2176665026988,19150.333436004294,1052.7067039794633,202035
1038245.9461206777,463.3911699595994,350.32097750621773,19246.873098045027,1054.4686338113563,202035
1038153.3242151348,463.38897534713766,349.9918426374409,19338.040617968036,1056.2543489124578,202035
1038060.7031426094,463.386849989224,349.85006024368096,19428.94865544608,1058.1112917115024,202036
1037949.7384400787,480.066315139202,360.0875769723879,19511.09293374883,1060.0147340608623,202036
1037871.0956512666,464.3373864330763,350.8853756914681,19612.78563896883,1061.8959476400478,202036
1037778.276101053,464.3344809453645,349.0184483041734,19705.593654380744,1063.7773153168148,202036
1037697.5285516426,453.37124173153967,342.48248201867256,19801.86431326952,1065.7534113378197,202036
1037605.5930164662,454.5605178197315,342.2509134499637,19890.842229172697,1067.7533230914964,202036
1037514.7338016735,454.55834705391584,342.10273084707916,19979.87573390335,1069.7293865222134,202036
1037423.8734332293,454.5561791697886,341.68982877729684,20069.293537455927,1071.5870213678215,202037
1037395.2747420107,398.08891933608777,332.2148159710963,20162.14023471225,1073.2812879699406,202037
1037255.6561817547,452.6614152467266,353.6623328203224,20224.14989423683,1074.8701759415978,202037
1037170.1401586243,448.13070085428586,346.00202024977983,20320.310247894853,1076.416872376956,202037
1037072.6887176256,455.2769463993798,347.2448247495449,20407.84886134097,1077.9406498845874,202037
1036989.0224341532,448.6024924696381,341.52105498448265,20502.48419876494,1079.369819627639,202037
1036899.3509526602,448.60020294919883,340.7478395696779,20591.50287504477,1080.7981297761557,202037
1036809.6800301686,448.59794154774636,340.10099333948483,20680.370460966013,1082.2505739780725,202038
1036734.4331702809,435.49033178715644,331.49352633006896,20775.880528039892,1083.702443561885,202038
1036634.2766472677,447.40288876364633,338.07099956622454,20856.0472676097,1085.202196792577,202038
1036538.0321425535,453.59636597676433,341.9488366180413,20940.601300111208,1086.8213547404341,202038
1036448.6989191981,452.4057759590433,346.3980482930889,21025.009053587375,1088.4882029622772,202038
1036348.3007471102,461.45842500399135,350.24130880305427,21110.892664767616,1090.1068543151575,202038
1036256.0595439808,461.45630290167753,349.8428115074419,21201.868044277573,1091.773297332549,202038
1036163.817521216,461.45411243239766,349.26717044461685,21292.92628921525,1093.5349066917772,202039
1036059.5211473942,472.4133629048988,355.7804914926323,21377.91701430007,1095.367983908255,202039
1035949.6270236791,486.47040728731986,363.93383949028276,21463.768277588133,1097.200451955241,202039
1035837.4514448395,500.0509292539917,372.59954381037494,21551.93669557237,1098.9613865237818,202039
1035719.4205291766,516.491028231923,383.52343196652106,21640.93831474393,1100.6266958810884,202039
1035608.3294554041,523.6377979932186,390.32825988347196,21736.45860517371,1102.2458815455836,202039
1035503.6697484071,523.6359124614356,392.1942325760981,21837.634970859737,1103.8651356956311,202039
1035399.0065699331,523.6339241929556,393.2933311377501,21939.605703578505,1105.460471157662,202040
1035230.7570341225,581.543702254926,435.8733980865661,22005.77414201639,1107.0517235196617,202040
1035171.4651057057,529.8391977607286,403.30152063774216,22147.748929900274,1108.6452459956765,202040
1035037.2499621802,555.5726131972485,417.21768046013005,22240.744172814055,1110.2155713485095,202040
1034910.4819364173,569.8679389700654,427.22792504474387,22341.611436445433,1111.8107631225607,202040
1034786.3606237469,579.1591384747143,434.45313413561183,22447.549457003217,1113.4776466396083,202040
1034670.580483852,579.1549276093276,430.9476297124274,22565.149088142032,1115.1678706843836,202040
1034554.8284780504,579.1531138248998,433.4740138905294,22676.66213304717,1116.8822611871337,202041
1034408.1546260763,607.269458506747,452.06721723944935,22774.817271307194,1118.691426870471,202041
1034271.8411273761,620.8497295239519,462.04016085640114,22885.768915504796,1120.5000667389404,202041
1034128.8849458933,638.0043204205152,474.54710929422004,22997.3735812729,1122.1900431191907,202041
1033964.9549617629,671.1246594370508,497.39523817672494,23103.620013719403,1123.9051269040528,202041
1033800.1310704619,698.9995990149962,510.5937854726822,23225.537769036815,1125.7377760136162,202041
1033660.4395621109,698.9980449110839,515.9336808175294,23358.081284425203,1127.5474277353321,202041
1033520.7434488551,698.9963695145441,520.3044077837192,23491.59846388123,1129.3573099655418,202042
1033462.9286380865,624.659406672042,474.03286743453685,23668.10109538386,1131.2779924231336,202042
1033192.1421931038,756.6267554452261,443.00562022902653,23835.826895643637,1133.3985355783711,202042
1033022.5628885995,773.5472457891017,496.02326151818573,23933.136357225518,1135.7302468677283,202042
1032831.4619254943,806.9079971728654,547.5674125130897,24036.930835535484,1138.1318292843248,202042
1032638.0716440716,836.2163191458844,587.0745712033923,24159.05445532534,1140.5830102537982,202042
1032470.9999632722,836.2157113721386,602.5746247369752,24308.125466689344,1143.0842339292242,202042
1032303.9699187686,836.2245521062347,625.306117179302,24449.842059841365,1145.6573521044484,202043
1032028.1914827578,934.5944641526946,613.9662271909166,24636.003177523784,1148.2446483747656,202043
1031797.0422851992,975.1015116214942,671.1182862896981,24766.850249138344,1150.8876677512244,202043
1031528.4244262232,1042.2947964923674,735.2431995456623,24901.3918592495,1153.645718489227,202043
1031240.319749096,1114.967732712383,798.5420672371079,25050.695532024678,1156.4749189297247,202043
1030922.7466860341,1201.2220571171263,866.9845988612645,25210.695973124657,1159.3506848626412,202043
1030682.7204103592,1201.2212006069744,882.5393846234808,25432.28679262598,1162.2322117842177,202043
1030442.6673932978,1201.2199207157362,892.4111192126581,25659.611470839598,1165.0900959341543,202044
1030054.4882080281,1335.335509813427,878.3226797684389,25924.93880007383,1167.9148023161395,202044
1029723.9373426975,1393.4733960441113,959.9056391313403,26112.83936416795,1170.8442579591308,202044
1029362.0183476865,1469.4799865191512,1034.9640798257637,26320.62531671217,1173.9122692565284,202044
1029042.4937764425,1493.0676546120274,1077.3248814457602,26571.105992164594,1177.0076953352977,202044
1028662.158368469,1567.6437631015528,1141.3552746715616,26809.6932446799,1180.1493490781156,202044
1028348.8997507213,1567.6428674779722,1158.5025019823458,27102.59021408059,1183.364665737972,202044
1028035.6035276824,1567.6414959524168,1167.4734145800692,27403.72661994818,1186.5549418371422,202045
1027393.8758201364,1864.4759244016138,1076.0536239748799,27836.90137592505,1189.6932555623057,202045
1027085.4374959631,1806.5829358853089,1154.8477924561469,28121.38745988119,1192.7443158145697,202045
1026626.5823178003,1895.9326736192518,1284.0724123668024,28358.718930026578,1195.6936661873801,202045
1026155.2889937856,1980.2802465022755,1405.597677693004,28621.09412652281,1198.7389554966076,202045
1025660.8879400452,2070.104137113344,1494.5875813112857,28933.515139352032,1201.90520217843,202045
1025247.2459941027,2070.103505635745,1521.842369329916,29316.688368116484,1205.1197628155076,202045
1024833.5813288544,2070.102244347838,1544.530947542264,29704.37793976784,1208.4075394879742,202046
1024165.1023048317,2301.9311721177014,1696.0489068953882,29986.06542439758,1211.8521917579917,202046
1023577.2550330324,2417.955525050653,1741.9183295939958,30408.449528803914,1215.4215835194548,202046
1022962.0949307913,2538.038086132674,1848.3541729805936,30793.328859893707,1219.1839502020505,202046
1022319.4960507718,2661.2178094190635,1952.5142283904133,31204.637598289293,1223.1343131297235,202046
1021724.5402092139,2718.637534308125,2013.0320146649035,31677.68050322509,1227.109738588249,202046
1021181.2434596646,2718.636911197913,2033.433048267196,32196.409285301906,1231.2772955685955,202046
1020638.0142725357,2718.635784520387,2069.5618012297236,32698.982925030155,1235.8052166843026,202047
1019705.3006180873,3073.173243898531,2324.894293792916,33017.107038101414,1240.5248061200684,202047
1019042.8604157651,3117.012191522813,2361.276239116233,33594.51719757892,1245.333956017223,202047
1018188.2811586331,3327.6338649711697,2496.8039561340947,34098.04558810413,1250.2354321578177,202047
1017347.1535601116,3487.7440710252195,2609.1989608976687,34661.64764786855,1255.2557600972589,202047
1016522.2339107844,3604.014474138603,2698.081019456934,35276.320623006715,1260.3499726136338,202047
1015801.9730940253,3604.0144551025687,2717.044548253431,35972.30791797291,1265.6599846460983,202047
1015081.6831918983,3604.014217364663,2729.485953250407,36674.48807935631,1271.32855813064,202048
1014014.0687287755,3919.948761837979,2933.7094665713075,37215.95139326658,1277.3216495488664,202048
1013118.5040164215,4021.9243397341743,3019.2001197555837,37917.64263120483,1283.7288928841883,202048
1012232.4105403476,4096.738402362693,3084.449923032717,38656.93399608835,1290.4671381689473,202048
1011578.381101329,3947.113611133501,3006.638646691539,39531.401425232936,1297.4652156132684,202048
1010525.2219533304,4187.0365752511725,3086.486996979067,40257.50931327413,1304.74516116542,202048
1009688.1714313014,4187.033864739819,3047.6587362189694,41125.937838487356,1312.198129252698,202048
1008851.4451197858,4187.034498091584,3079.9801786358953,41922.7441836516,1319.796019835276,202049
1007716.1335930482,4458.653811195792,3285.988509092144,42572.69720739192,1327.526879272118,202049
1006721.910297582,4552.5300368072,3387.658185905152,43363.39679257201,1335.5046871337306,202049
1005780.4183039116,4581.3614822803975,3439.3710980778114,44216.08074270566,1343.7683730246258,202049
1004673.7935581807,4755.05537231356,3570.087253927357,45009.74888387845,1352.314931699937,202049
1003553.1514098833,4909.92687619324,3690.6460705841314,45846.0080887195,1361.267554619852,202049
1002571.9064662458,4909.929367174818,3715.554516684691,46793.00842432718,1370.601225567586,202049
1001590.6288235295,4909.931915470066,3733.173259465921,47747.02011177136,1380.2458897631918,202050
1000272.1325778507,5216.577582192279,3936.940667979324,48544.8656711937,1390.4835007839565,202050
999060.6002953374,5370.019697835073,4015.13106379749,49513.71370882444,1401.5352342056972,202050
998027.0397152451,5334.0466570557,4028.9624365490713,50557.79358974075,1413.157601409419,202050
996985.1398548026,5312.130940483376,4037.8438085835414,51600.42259564694,1425.4628004835602,202050
995786.9488727418,5436.270768309294,4140.970228372216,52558.22739802907,1438.5827325477621,202050
994700.0139146235,5436.271512593913,4054.5083367569223,53717.98113097052,1452.2251050553027,202050
993613.6309715072,5436.277099667296,4092.620053609179,54751.95660816393,1466.5152670526802,202051
992348.7156683753,5598.5402267355785,4220.954245082647,55711.492007532914,1481.29785227387,202051
991147.2832319309,5673.599355460319,4296.247176651822,56747.619527469404,1496.2507084878193,202051
989992.6757835296,5692.428673127429,4328.264577914244,57836.04468493079,1511.5862804982532,202051
988571.3811398292,5949.996114760939,4441.957611682725,58870.347915243736,1527.3172184838913,202051
987674.8336434506,5684.341093599451,4319.000801749616,60139.508305518444,1543.3161556823645,202051
986538.8001417329,5684.348236769428,4340.444086627493,61237.56694017425,1559.8405946963337,202051
985402.7304391601,5684.355789439528,4353.772559974608,62343.275796582006,1576.8654148441424,202052
984358.4408474553,5600.970955299401,4312.412691293241,63495.07045759734,1594.1050483550966,202052
983298.5006808329,5546.892151834146,4275.646980409344,64628.404253455206,1611.5559334687719,202052
982247.514548951,5494.481041641615,4235.065059833076,65754.90717296554,1629.0321766091033,202052
981599.9684895803,5085.39009981162,3964.2884675644273,67064.84838215978,1646.5045608841126,202052
980954.8390565363,4748.253375785205,3722.8517115429163,68270.74881383809,1664.3070422977637,202052
980005.7228013731,4748.259535323194,3701.315420678996,69223.46836320192,1682.2338794231114,202052
979056.6213156646,4748.265623675473,3683.365107045247,70172.75372667852,1699.9942269364526,202053
978145.8442920154,4713.726499656212,3715.2393601345475,71068.71448900092,1717.4753591931149,202053
977219.8702997381,4698.959677691462,3678.6344801037244,72028.91948154797,1734.6160609190263,202053
976299.5125761037,4681.810246062025,3650.513197560101,72977.59683771405,1751.5671425604241,202053
975612.4566111334,4455.9396883892305,3489.6798868343612,74034.67236301789,1768.251450625458,202053
975134.1915465747,4081.6305068210468,3223.9453915595336,75136.63504013594,1784.5975149091516,202053
974318.3051765912,4081.635058353346,3198.9788448199415,75961.39027142621,1800.690648809697,202053
973502.4245177099,4081.6395196548856,3175.5089751233963,76785.09791108404,1816.329076428108,202101
972292.1620220739,4440.481858274077,3404.7747790058097,77391.87459402833,1831.7067466183114,202101
971410.4784702215,4435.245403569166,3411.9581632715363,78256.20526391694,1847.1126990212392,202101
970356.5607945807,4587.505630860358,3512.0564753455474,79042.43778857184,1862.4393106419018,202101
969427.2078086913,4598.707788336261,3485.3881771970878,79972.07193420175,1877.6242915739729,202101
968376.892320041,4718.087560333978,3586.850809755449,80786.5493683693,1892.6199415007804,202101
967434.1047658065,4718.0948644309065,3630.0014164154477,81671.36900199903,1907.4299513486094,202101
966491.1609627339,4718.100154703119,3637.326746252191,82592.36268394801,1922.0494523632447,202102
965397.7803136328,4854.87405325386,3735.5503408715467,83435.93695798032,1936.858334261949,202102
964471.9622745553,4814.372512436397,3688.4049766287417,84434.45106760463,1951.809168775328,202102
963453.9644004406,4865.130295326356,3734.1703769991186,85341.04458080203,1966.6903464323825,202102
962245.8634062449,5079.824940824421,3945.9465891553,86107.95560895225,1981.4094548235623,202102
960953.5843107512,5331.68693651712,4104.557984880309,86975.32146025242,1995.8493075993451,202102
959888.0272703939,5331.6932390496495,4114.474024674517,88016.52624968493,2010.2792161972586,202102
958822.4569823267,5331.699375272014,4121.299805994333,89060.8599057198,2024.6839306874376,202103
958686.3288082588,4489.180436404501,4176.316189857127,89970.05714991457,2039.1174155654205,202103
957411.6740139785,4831.3466803718875,4186.158201274543,90878.36552068403,2053.455583691484,202103
956538.7035736287,4747.959282936483,4368.17969189276,91638.14025358723,2068.0171979552147,202103
955350.1595198248,4964.792099020177,4281.476429373798,92681.95242346037,2082.619528321267,202103
954108.4626060416,5190.919677150305,4289.512309098932,93675.06968669363,2097.035721015925,202103
953070.6420361707,5190.924411882186,4199.786406661862,94788.2609832783,2111.386162007362,202103
952032.9814130485,5190.929695894633,4150.202358838089,95861.29080482018,2125.5957273990734,202104
951715.1211958131,4538.069277466704,3654.1766068657325,97314.03826834507,2139.5946515098967,202104
950939.6339754681,4418.4588776010405,3521.749969564536,98327.66681368995,2153.4903636768754,202104
950318.37663442,4180.665395889184,3343.394518180195,99351.50570151862,2167.0577499925253,202104
949583.1882876051,4089.4096361103434,3255.258408492676,100252.73444002419,2180.409227768226,202104
948854.7088498612,4008.6378728166837,3178.2805231322272,101125.67974241267,2193.6930117777406,202104
948053.39020262,4008.640764567608,3140.868758223434,101951.38525042175,2206.7150241676986,202104
947252.0317544224,4008.6441845357913,3094.499993082589,102786.30381116318,2219.520256796541,202105
946838.0785484745,3657.1933448359473,2866.3259814784406,103767.41741166853,2231.9847135431164,202105
946251.692199971,3525.906270044437,2776.7411229833842,104562.44117031703,2244.2192366847753,202105
945698.8777192945,3387.947032809514,2676.861828577284,105340.79185443812,2256.5215648811563,202105
945104.0936804067,3313.13100848475,2618.622112966341,106056.32313521317,2268.8300629296746,202105
944561.7920978904,3204.241386395356,2539.029616207422,106775.10656721106,2280.8303322962993,202105
943921.351416807,3204.244057006414,2527.6506658260137,107415.35293538032,2292.4009249806586,202105
943280.9254060896,3204.2466677010093,2519.765415462924,108052.18707672138,2303.8754340255628,202106
942322.7714244782,3493.2869549826664,2701.7243955844397,108528.04053638768,2315.176688567665,202106
942227.3586904943,2946.932594454717,2643.75639861361,109216.7673365952,2326.184979842745,202106
941730.1192899796,2863.296592793059,2475.339627500845,109955.54730756974,2336.6971821574116,202106
941268.3313209246,2762.7432533576025,2328.025451756068,110655.00775480467,2346.892219157713,202106
940849.556513508,2641.460280878561,2190.823605978349,111322.29844539534,2356.861154240439,202106
940321.4752946688,2641.460992886892,2149.333812699344,111882.18330110324,2366.5465986423374,202106
939793.4365903008,2641.4618195032053,2118.795060911258,112431.40381015876,2375.9027191266855,202107
939542.0927871084,2390.5578591763237,2007.3010997323174,113036.32987451661,2384.7183794669327,202107
939157.8304783296,2305.4921569141825,1904.2605495460716,113600.20736126509,2393.209453945731,202107
938761.2117227616,2247.1138063192493,1832.703925955068,114118.47895649364,2401.491588471102,202107
938397.5412926244,2169.4349035599794,1754.6780075809786,114629.99697497909,2409.3488212561797,202107
938068.3238423216,2074.6002246450444,1673.2344128184868,115127.95114230625,2416.8903779092175,202107
937653.6332610908,2074.600380152912,1657.24358245472,115551.25223863209,2424.270537670007,202107
937238.9535247155,2074.6006630783886,1643.998961920072,115972.05878426104,2431.3880660255973,202108
937003.5326370038,1911.8573680147842,1511.6696434638582,116495.77356918038,2438.1667823377156,202108
936609.0783694132,1923.056895747725,1511.695222500525,116872.64626825623,2444.523244082916,202108
936239.5300057571,1909.4713333838401,1465.210761443715,117296.36570672142,2450.4221926944606,202108
935889.404688482,1880.8779635388466,1453.7943465098988,117680.92910163985,2455.9938998299535,202108
935556.2681910753,1842.0387055652088,1434.454660519446,118066.909616106,2461.3288267346184,202108
935188.1358395356,1842.039190399987,1437.8165189240972,118426.65393513083,2466.3545160100616,202108
934819.9987263588,1842.0394572781186,1440.076893247059,118787.96293584106,2470.921987275612,202109
934516.6430409166,1783.1842602558888,1401.9161623387693,119183.8849659796,2475.3715705096615,202109
934178.3540807056,1766.7428847907856,1391.520075012656,119544.36869886817,2480.014260623372,202109
933831.2820967264,1761.2624367625947,1386.9703005893373,119896.82804011168,2484.6571258106437,202109
933491.3384277546,1750.3015382721462,1379.2077968284016,120250.99473437405,2489.157502771368,202109
933153.5845811781,1739.3406075032422,1371.2713043444573,120603.33630941968,2493.4671975550746,202109
932806.0997981622,1739.3448287616177,1403.9301212148014,120914.08724463548,2497.538007226482,202109
932458.4258793485,1739.3442817085167,1391.5289922046509,121270.32998367684,2501.3708630620595,202110
932138.5740663231,1714.0860921538933,1367.5279397857503,121635.56208559233,2505.2498161455173,202110
931793.0926694667,1716.7069247885452,1363.9371409604314,121978.03755563319,2509.2257091516253,202110
931463.0910786206,1704.792599046907,1352.5328622359166,122327.35791304283,2513.2255470541745,202110
931094.5736691515,1730.0505703340395,1366.6645842516075,122652.39074752851,2517.320428734734,202110
930723.63999444,1752.925900837964,1381.4948347853092,122981.52397339734,2521.4152965397084,202110
930373.3065535122,1752.9259337094277,1382.279279944322,123327.09624718226,2525.39198565206,202110
930022.9677326756,1752.9259471893943,1381.7969975186252,123674.0838734952,2529.2254491214526,202111
929633.3111718836,1788.668662366298,1405.4410558128482,124000.42425939233,2533.1548505452847,202111
929280.8221530338,1784.1413799059872,1404.54231315956,124354.19660928419,2537.2975446167857,202111
928930.0817783966,1778.9010009563854,1416.8464223434187,124693.65783850169,2541.5129598022413,202111
928583.714415605,1770.5610175350785,1406.9999208461645,125053.90275201632,2545.8218939978497,202111
928233.5072699724,1767.2249786638276,1400.6303912475557,125409.41108703801,2550.2262730785847,202111
927880.3362420265,1767.225933132127,1406.054743667226,125752.72786609778,2554.655215076675,202111
927527.1260006481,1767.2259229757499,1402.195385732429,126105.36913181866,2559.083558825301,202112
927165.0011407472,1775.3275193242757,1403.7163702309306,126453.58547779606,2563.3694919016984,202112
926800.6573169501,1783.902737153324,1388.3921387157868,126820.68012292626,2567.3676842546697,202112
926434.9801009013,1792.242932596419,1399.9000813440882,127162.8673023057,2571.0095828526764,202112
926066.0574427118,1802.0127725870504,1411.0448504131389,127507.54233089632,2574.342603392002,202112
925682.0758118525,1823.6968259952082,1430.0292698660685,127847.64143848726,2577.5566537992313,202112
925317.7406689674,1823.7003258746759,1464.1934523833454,128174.61868176915,2580.7468710057515,202112
924953.2374021392,1823.700432906199,1458.4936877238063,128541.63143914315,2583.9370380878768,202113
924645.3937186237,1772.231508355372,1418.5885112534966,128937.72983106184,2587.0564307058225,202113
924278.0674281874,1784.1454152438016,1421.09670534638,129287.63466866557,2590.0557825570427,202113
923856.9788198059,1842.7631577877592,1452.2053539518772,129616.0939802323,2592.9586882223102,202113
923490.3539517113,1841.3346870315763,1473.0035449190384,129960.46724938496,2595.8405669531853,202113
923115.7768955246,1847.291541170144,1472.5583317515727,130326.58074460871,2598.7924869450217,202113
922746.6022678437,1847.2925007233694,1477.11062241325,130688.2019085088,2601.7927005108913,202113
922377.4165566997,1847.2932923778817,1479.0173067623298,131052.4801122002,2604.7927319599303,202114
922025.762840552,1831.328007963855,1461.0450781926802,131435.26090268555,2607.6031706058106,202114
921630.1191699749,1858.2539596451911,1475.2608677853632,131787.23995315802,2610.126049436363,202114
921247.7198105908,1868.2617241055289,1481.1673670788905,132151.34436927203,2612.5067289525514,202114
920854.1486654282,1886.6094784677643,1493.4285634532616,132512.09316109252,2614.7201315581387,202114
920440.4032951264,1919.9692996611725,1516.863688446638,132866.92454543654,2616.839171329026,202114
920056.6979832589,1919.969260722746,1519.847786881494,133245.50281836785,2618.982150768789,202114
919672.9805596956,1919.9689472657715,1519.9654134991197,133626.96006978594,2621.1250097532056,202115
919551.864449158,1681.6947798436863,1342.344606687754,134162.03848908332,2623.057675226908,202115
918852.1702136253,2010.485902273193,1250.2516960780358,134623.33240323525,2624.7597847878687,202115
918449.391027139,2011.9202868841282,1369.5882833210462,134903.5772066063,2626.5231960490814,202115
918045.9525404889,2013.3495719407072,1419.1656047322333,135254.12575667992,2628.406526157806,202115
917663.7648406532,1995.242453802717,1468.8867357769093,135602.74591906354,2630.360050703302,202115
917265.1749837928,1995.2438582879754,1508.2952023644998,135959.97286290675,2632.3130926476138,202115
916866.5248032626,1995.2446983271382,1534.7333159106493,136330.23101881435,2634.2661636849734,202116
916422.102249776,2036.4541819925535,1498.3762021092894,136767.87454096647,2636.192825155378,202116
916003.224240061,2047.4165993487143,1545.8610392068338,137126.44835974913,2638.0497616339962,202116
915666.1971156307,1981.888453048972,1513.6938174752265,137559.2886667612,2639.931947083587,202116
915306.3687260518,1949.0065759116321,1512.5448840703257,137951.26590590648,2641.813908059597,202116
914945.9986591272,1922.5579264689309,1507.4097711388404,138341.55250609491,2643.4811371699775,202116
914561.790357903,1922.5579243201996,1515.2319875028977,138716.41466641877,2645.005063854961,202116
914177.5709444872,1922.557849614766,1520.4591160159994,139093.88317243627,2646.5289174455856,202117
913867.3099927746,1855.3635935090504,1478.1616927661025,139512.06507067409,2648.0996502759644,202117
913526.9149030949,1827.722991286638,1458.948000551562,139897.74257719715,2649.6715278695738,202117
913186.5228085096,1805.0859001303384,1439.8212463860366,140278.35130020653,2651.218744767256,202117
912881.6106027842,1754.3377679335279,1400.6645946544822,140671.59716232744,2652.789872300084,202117
912602.8738229637,1689.050015775493,1359.6382798676168,141055.0766295125,2654.3612518804816,202117
912265.278674122,1689.049547651557,1354.5849549774653,141396.15423075957,2655.932592489188,202117
911927.6902056106,1689.0491975089749,1351.1573538033283,141735.59928907006,2657.5039540067714,202118
911463.5818591176,1804.1413936327901,1428.6538632150057,142005.37759088824,2659.245293146029,202118
911463.5818591176,1478.135614559101,1464.374578428557,142293.7261080007,2661.181839893707,202118
911225.4316107023,1427.9368672475725,1329.0785337561256,142715.44948953143,2663.1034987622575,202118
911021.9139135127,1355.4042550755858,1208.1856807782906,143110.5174519125,2664.9786987206376,202118
910810.0861228396,1303.526294496488,1126.389894629185,143454.143556554,2666.8541314804183,202118
910551.3947404171,1303.5208809545638,1071.978470136718,143765.35050133732,2668.75540715395,202118
910292.8135863291,1303.5173976152619,1046.7039658895335,144047.3063303861,2670.6587197796557,202119
910152.2121276708,1196.405720390694,964.9002037993935,144374.94520302102,2672.5367451178113,202119
909979.1585021822,1138.0454191056037,918.2431673496145,144651.1373874521,2674.4155239101015,202119
909787.5875039325,1105.866740765692,594.0466823099757,145197.34442840883,2676.154644582638,202119
909662.9273808738,1019.4144063688929,427.00916338429886,145573.76355657924,2677.88549279346,202119
909498.4945020415,985.3008452083213,449.4967709458303,145747.9595462867,2679.748335517411,202119
909303.1638460137,985.2760992517901,459.9607521449285,145930.9448949693,2681.654407619996,202119
909107.6680596075,985.2726423534783,450.14772050911165,146134.35359682364,2683.5579807060126,202120
909011.1888279233,895.700559404794,499.4714736529035,146269.22070646242,2685.4184325563215,202120
908879.0061259893,854.6373073578388,539.926233776562,146400.17495650944,2687.2553763665223,202120
908810.3398992184,763.1418123262457,522.2394631032267,146576.25784827696,2689.0209770747865,202120
908681.5519542737,742.7293077204602,533.5186583368236,146712.5348083887,2690.6652712799187,202120
908528.7995263006,747.7744887062684,553.4323385799702,146838.73316198823,2692.260484424553,202120
908380.57074655,747.7745836010542,566.6456974881914,146972.17657279636,2693.8323995640844,202120
908232.2838920642,747.7722194977378,566.803738578567,147118.7363303243,2695.4038195348608,202121
908163.575162676,675.4864689019936,522.5730000468648,147302.52979939492,2696.8355689799328,202121
908081.9503620111,627.9350361941899,492.66301146997057,147460.35465006015,2698.0969402643414,202121
908007.634382132,582.304847268832,461.39650421898267,147610.33076104833,2699.33350533166,202121
907912.2276704018,564.0517170383048,448.08196469745087,147736.13803091348,2700.500616948717,202121
907837.6208616334,530.1888210407826,423.94669195789055,147867.69502002065,2701.548605346992,202121
907732.4713627283,530.1885402801887,422.41816508802606,147973.37340924257,2702.548522660735,202121
907627.3330766103,530.1915102883682,423.27965665325826,148076.6471983835,2703.5485580642176,202122
907620.3510723611,441.10447714189246,360.51769025482776,148234.551287444,2704.4754727977543,202122
907545.5360664818,429.5748494320592,348.3619737831429,148332.19491927614,2705.3321910263344,202122
907487.81198234,404.59676196946884,328.0572620603429,148434.39177687664,2706.1422167531296,202122
907402.2729890733,409.3986531087903,326.59611033442405,148515.80441188018,2706.9278356028794,202122
907346.9683052108,385.86190243952257,309.3705857568286,148611.06256862314,2707.7366379692157,202122
907270.400917876,385.8565990628032,299.5078883745275,148696.68879079373,2708.5458038924285,202122
907193.8421489435,385.8500288247917,292.1149270098501,148779.83764872496,2709.355246496532,202123
907165.1639587805,342.38512215293406,264.33248247010886,148878.97849997604,2710.139936620044,202123
907112.3178499575,328.69531709152847,256.804052230973,148952.28095264005,2710.901828079564,202123
907034.2487430498,339.99574429039666,182.5015004492031,149092.5689015311,2711.6851106791037,202123
907013.6525533298,297.4926966771563,181.2665564270496,149155.99490901895,2712.593284546651,202123
907013.6525533298,245.05747179936353,171.7379787087251,149217.07477733507,2713.47721882666,202123
906968.1266104948,245.04698829626454,161.3261388127897,149272.16823612567,2714.332026270143,202123
906922.6257846014,245.0392789505578,156.78611662172978,149321.36043917385,2715.188380652078,202124
906911.4072579273,213.73179530365195,141.88826942542372,149377.95108369057,2716.021593652591,202124
906879.8540405136,206.28218934926048,133.3221006303864,149424.7350090082,2716.8066604980945,202124
906855.8835202463,193.19187786992595,128.62372635928187,149465.75537330587,2717.5455022181927,202124
906843.8846371048,171.37912216551513,117.25572854366175,149510.19958567855,2718.2809265069036,202124
906819.9204823341,164.18901582208747,111.60725704919466,149546.24143515027,2719.0418096438675,202124
906789.429990527,164.1836282494452,108.98252019296473,149578.60069032322,2719.8031707069563,202124
